{"cameraMode":{"drawMode":0,"name":"Shaded","section":"Shading Mode"},"sceneLighting":false,"audioPlay":false,"sceneViewState":{"showFog":true,"showMaterialUpdate":false,"showSkybox":false,"showFlares":true,"showImageEffects":true,"showParticleSystems":true},"in2DMode":false,"pivot":{"x":-2.733595371246338,"y":2.5819196701049806,"z":11.191609382629395},"rotation":{"x":0.23101244866847993,"y":-0.23370760679244996,"z":0.057268958538770679,"w":0.9427270293235779},"size":13.387040138244629,"orthographic":false}