{"cameraMode":{"drawMode":0,"name":"Shaded","section":"Shading Mode"},"sceneLighting":false,"audioPlay":false,"sceneViewState":{"showFog":true,"showMaterialUpdate":false,"showSkybox":false,"showFlares":true,"showImageEffects":true,"showParticleSystems":true},"in2DMode":false,"pivot":{"x":-0.0909726619720459,"y":2.1031131744384767,"z":0.2065105438232422},"rotation":{"x":0.29943957924842837,"y":-0.13903318345546723,"z":0.044153258204460147,"w":0.9428977966308594},"size":11.495280265808106,"orthographic":false}