{"cameraMode":{"drawMode":0,"name":"Shaded","section":"Shading Mode"},"sceneLighting":false,"audioPlay":false,"sceneViewState":{"showFog":true,"showMaterialUpdate":false,"showSkybox":false,"showFlares":true,"showImageEffects":true,"showParticleSystems":true},"in2DMode":false,"pivot":{"x":0.06533384323120117,"y":1.3159656524658204,"z":0.04662728309631348},"rotation":{"x":0.2715352773666382,"y":-0.3790220618247986,"z":0.1173742488026619,"w":0.8768318891525269},"size":8.187877655029297,"orthographic":false}