{"cameraMode":{"drawMode":0,"name":"Shaded","section":"Shading Mode"},"sceneLighting":false,"audioPlay":false,"sceneViewState":{"showFog":true,"showMaterialUpdate":false,"showSkybox":false,"showFlares":true,"showImageEffects":true,"showParticleSystems":true},"in2DMode":false,"pivot":{"x":-0.0023827552795410158,"y":7.27587890625,"z":0.0057762861251831059},"rotation":{"x":-0.010381372645497322,"y":0.9861671924591065,"z":-0.15087299048900605,"w":-0.06785266101360321},"size":28.572038650512697,"orthographic":false}