{"cameraMode":{"drawMode":0,"name":"Shaded","section":"Shading Mode"},"sceneLighting":false,"audioPlay":false,"sceneViewState":{"showFog":true,"showMaterialUpdate":false,"showSkybox":false,"showFlares":true,"showImageEffects":true,"showParticleSystems":true},"in2DMode":false,"pivot":{"x":14.878044128417969,"y":2.281614303588867,"z":16.287927627563478},"rotation":{"x":0.279129296541214,"y":-0.31631603837013247,"z":0.09795556962490082,"w":0.9013521671295166},"size":52.530662536621097,"orthographic":false}