{"cameraMode":{"drawMode":0,"name":"Shaded","section":"Shading Mode"},"sceneLighting":false,"audioPlay":false,"sceneViewState":{"showFog":true,"showMaterialUpdate":false,"showSkybox":false,"showFlares":true,"showImageEffects":true,"showParticleSystems":true},"in2DMode":false,"pivot":{"x":0.0317540168762207,"y":1.366476058959961,"z":0.3817562758922577},"rotation":{"x":0.04451621696352959,"y":0.9353527426719666,"z":-0.12734206020832063,"w":0.3269825875759125},"size":10.370096206665039,"orthographic":false}