{"cameraMode":{"drawMode":0,"name":"Shaded","section":"Shading Mode"},"sceneLighting":false,"audioPlay":false,"sceneViewState":{"showFog":true,"showMaterialUpdate":false,"showSkybox":false,"showFlares":true,"showImageEffects":true,"showParticleSystems":true},"in2DMode":false,"pivot":{"x":-0.00023436546325683594,"y":2.0933942794799806,"z":1.4901161193847657e-7},"rotation":{"x":0.11348928511142731,"y":0.8250258564949036,"z":-0.17870637774467469,"w":0.523943305015564},"size":12.234515190124512,"orthographic":false}