{"cameraMode":{"drawMode":0,"name":"Shaded","section":"Shading Mode"},"sceneLighting":false,"audioPlay":false,"sceneViewState":{"showFog":true,"showMaterialUpdate":false,"showSkybox":false,"showFlares":true,"showImageEffects":true,"showParticleSystems":true},"in2DMode":false,"pivot":{"x":-22.419742584228517,"y":2.6721677780151369,"z":14.356775283813477},"rotation":{"x":0.21296779811382295,"y":-0.12129195034503937,"z":0.026653306558728219,"w":0.9691349864006043},"size":12.768966674804688,"orthographic":false}