{"cameraMode":{"drawMode":0,"name":"Shaded","section":"Shading Mode"},"sceneLighting":false,"audioPlay":false,"sceneViewState":{"showFog":true,"showMaterialUpdate":false,"showSkybox":false,"showFlares":true,"showImageEffects":true,"showParticleSystems":true},"in2DMode":false,"pivot":{"x":-2.000000476837158,"y":1.54423987865448,"z":-3.996734142303467},"rotation":{"x":0.2715352773666382,"y":-0.3790220618247986,"z":0.1173742488026619,"w":0.8768318891525269},"size":8.431008338928223,"orthographic":false}