{"cameraMode":{"drawMode":0,"name":"Shaded","section":"Shading Mode"},"sceneLighting":false,"audioPlay":false,"sceneViewState":{"showFog":true,"showMaterialUpdate":false,"showSkybox":false,"showFlares":true,"showImageEffects":true,"showParticleSystems":true},"in2DMode":false,"pivot":{"x":-2.384185791015625e-7,"y":2.3913609981536867,"z":-1.913923740386963},"rotation":{"x":-0.036487627774477008,"y":-0.9156058430671692,"z":0.08539837598800659,"w":-0.3912055194377899},"size":10.805957794189454,"orthographic":false}