{"cameraMode":{"drawMode":0,"name":"Shaded","section":"Shading Mode"},"sceneLighting":false,"audioPlay":false,"sceneViewState":{"showFog":true,"showMaterialUpdate":false,"showSkybox":false,"showFlares":true,"showImageEffects":true,"showParticleSystems":true},"in2DMode":false,"pivot":{"x":-0.11656796932220459,"y":0.2689664363861084,"z":-0.10770618915557862},"rotation":{"x":0.2715352773666382,"y":-0.3790220618247986,"z":0.1173742488026619,"w":0.8768318891525269},"size":4.795917510986328,"orthographic":false}