{"cameraMode":{"drawMode":0,"name":"Shaded","section":"Shading Mode"},"sceneLighting":false,"audioPlay":false,"sceneViewState":{"showFog":true,"showMaterialUpdate":false,"showSkybox":false,"showFlares":true,"showImageEffects":true,"showParticleSystems":true},"in2DMode":false,"pivot":{"x":-21.87224578857422,"y":4.784049987792969,"z":-13.994894027709961},"rotation":{"x":-0.04067610949277878,"y":-0.35335174202919009,"z":0.015380790457129479,"w":-0.9344792366027832},"size":19.30047035217285,"orthographic":false}