{"cameraMode":{"drawMode":0,"name":"Shaded","section":"Shading Mode"},"sceneLighting":false,"audioPlay":false,"sceneViewState":{"showFog":true,"showMaterialUpdate":false,"showSkybox":false,"showFlares":true,"showImageEffects":true,"showParticleSystems":true},"in2DMode":false,"pivot":{"x":0.18219661712646485,"y":1.8500795364379883,"z":2.0723977088928224},"rotation":{"x":0.21389466524124146,"y":-0.39114832878112795,"z":0.09398549050092697,"w":0.8901790976524353},"size":10.189784049987793,"orthographic":false}