{"cameraMode":{"drawMode":0,"name":"Shaded","section":"Shading Mode"},"sceneLighting":false,"audioPlay":false,"sceneViewState":{"showFog":true,"showMaterialUpdate":false,"showSkybox":false,"showFlares":true,"showImageEffects":true,"showParticleSystems":true},"in2DMode":false,"pivot":{"x":-5.2717437744140629,"y":3.0833740234375,"z":-0.09798526763916016},"rotation":{"x":0.27480682730674746,"y":-0.4476299583911896,"z":0.14675718545913697,"w":0.8381950855255127},"size":30.350805282592775,"orthographic":false}