{"cameraMode":{"drawMode":0,"name":"Shaded","section":"Shading Mode"},"sceneLighting":false,"audioPlay":false,"sceneViewState":{"showFog":true,"showMaterialUpdate":false,"showSkybox":false,"showFlares":true,"showImageEffects":true,"showParticleSystems":true},"in2DMode":false,"pivot":{"x":-3.5699996948242189,"y":3.8940865993499758,"z":8.710000038146973},"rotation":{"x":0.27480682730674746,"y":-0.4476299583911896,"z":0.14675718545913697,"w":0.8381950855255127},"size":26.178062438964845,"orthographic":false}