{"cameraMode":{"drawMode":0,"name":"Shaded","section":"Shading Mode"},"sceneLighting":true,"audioPlay":false,"sceneViewState":{"showFog":true,"showMaterialUpdate":false,"showSkybox":true,"showFlares":true,"showImageEffects":true,"showParticleSystems":true},"in2DMode":false,"pivot":{"x":-3.272000312805176,"y":3.8500001430511476,"z":2.720000743865967},"rotation":{"x":-0.24916620552539826,"y":0.3587336242198944,"z":-0.09998207539319992,"w":-0.8939966559410095},"size":67.30159759521485,"orthographic":false}