{"cameraMode":{"drawMode":0,"name":"Shaded","section":"Shading Mode"},"sceneLighting":false,"audioPlay":false,"sceneViewState":{"showFog":true,"showMaterialUpdate":false,"showSkybox":false,"showFlares":true,"showImageEffects":true,"showParticleSystems":true},"in2DMode":false,"pivot":{"x":-11.18013858795166,"y":4.343487739562988,"z":7.224536418914795},"rotation":{"x":0.2001107931137085,"y":-0.5164790153503418,"z":0.12557068467140199,"w":0.8230657577514648},"size":15.697244644165039,"orthographic":false}