{"cameraMode":{"drawMode":0,"name":"Shaded","section":"Shading Mode"},"sceneLighting":false,"audioPlay":false,"sceneViewState":{"showFog":true,"showMaterialUpdate":false,"showSkybox":false,"showFlares":true,"showImageEffects":true,"showParticleSystems":true},"in2DMode":false,"pivot":{"x":-0.06240105628967285,"y":0.645332932472229,"z":0.2374211549758911},"rotation":{"x":0.11330266296863556,"y":-0.11449774354696274,"z":0.013145305216312409,"w":0.9868535995483398},"size":6.935559272766113,"orthographic":false}