{"cameraMode":{"drawMode":0,"name":"Shaded","section":"Shading Mode"},"sceneLighting":false,"audioPlay":false,"sceneViewState":{"showFog":true,"showMaterialUpdate":false,"showSkybox":false,"showFlares":true,"showImageEffects":true,"showParticleSystems":true},"in2DMode":false,"pivot":{"x":-22.721797943115236,"y":3.4956371784210207,"z":12.460615158081055},"rotation":{"x":0.27480682730674746,"y":-0.4476299583911896,"z":0.14675718545913697,"w":0.8381950855255127},"size":19.521448135375978,"orthographic":false}