{"cameraMode":{"drawMode":0,"name":"Shaded","section":"Shading Mode"},"sceneLighting":false,"audioPlay":false,"sceneViewState":{"showFog":true,"showMaterialUpdate":false,"showSkybox":false,"showFlares":true,"showImageEffects":true,"showParticleSystems":true},"in2DMode":false,"pivot":{"x":0.28427743911743166,"y":1.0,"z":0.08788251876831055},"rotation":{"x":-0.00006335671059787273,"y":0.9998099207878113,"z":-0.019219012930989267,"w":-0.0032922939863055946},"size":4.286825656890869,"orthographic":false}