{"cameraMode":{"drawMode":0,"name":"Shaded","section":"Shading Mode"},"sceneLighting":false,"audioPlay":false,"sceneViewState":{"showFog":true,"showMaterialUpdate":false,"showSkybox":false,"showFlares":true,"showImageEffects":true,"showParticleSystems":true},"in2DMode":false,"pivot":{"x":-0.35586094856262209,"y":6.243691444396973,"z":10.788724899291993},"rotation":{"x":0.27480682730674746,"y":-0.4476299583911896,"z":0.14675718545913697,"w":0.8381950855255127},"size":20.309389114379884,"orthographic":false}