{"cameraMode":{"drawMode":0,"name":"Shaded","section":"Shading Mode"},"sceneLighting":false,"audioPlay":false,"sceneViewState":{"showFog":true,"showMaterialUpdate":false,"showSkybox":false,"showFlares":true,"showImageEffects":true,"showParticleSystems":true},"in2DMode":false,"pivot":{"x":0.0,"y":1.6549999713897706,"z":3.2309999465942385},"rotation":{"x":0.21296779811382295,"y":-0.12129195034503937,"z":0.026653306558728219,"w":0.9691349864006043},"size":1.2000572681427003,"orthographic":false}