{"cameraMode":{"drawMode":0,"name":"Shaded","section":"Shading Mode"},"sceneLighting":false,"audioPlay":false,"sceneViewState":{"showFog":true,"showMaterialUpdate":false,"showSkybox":false,"showFlares":true,"showImageEffects":true,"showParticleSystems":true},"in2DMode":false,"pivot":{"x":-9.220000267028809,"y":2.059999942779541,"z":4.800000190734863},"rotation":{"x":0.21296779811382295,"y":-0.12129195034503937,"z":0.026653306558728219,"w":0.9691349864006043},"size":34.96946334838867,"orthographic":false}