{"cameraMode":{"drawMode":0,"name":"Shaded","section":"Shading Mode"},"sceneLighting":false,"audioPlay":false,"sceneViewState":{"showFog":true,"showMaterialUpdate":false,"showSkybox":false,"showFlares":true,"showImageEffects":true,"showParticleSystems":true},"in2DMode":false,"pivot":{"x":3202.199951171875,"y":102.02958679199219,"z":0.0},"rotation":{"x":-0.21820756793022157,"y":0.3322465717792511,"z":-0.07930543273687363,"w":-0.9141708612442017},"size":471.91229248046877,"orthographic":false}