{"cameraMode":{"drawMode":0,"name":"Shaded","section":"Shading Mode"},"sceneLighting":false,"audioPlay":false,"sceneViewState":{"showFog":true,"showMaterialUpdate":false,"showSkybox":false,"showFlares":true,"showImageEffects":true,"showParticleSystems":true},"in2DMode":false,"pivot":{"x":0.0,"y":0.08583343029022217,"z":0.12773698568344117},"rotation":{"x":0.12409942597150803,"y":-0.8303543329238892,"z":0.20479772984981538,"w":0.5031589865684509},"size":5.402083396911621,"orthographic":false}