{"cameraMode":{"drawMode":0,"name":"Shaded","section":"Shading Mode"},"sceneLighting":false,"audioPlay":false,"sceneViewState":{"showFog":true,"showMaterialUpdate":false,"showSkybox":false,"showFlares":true,"showImageEffects":true,"showParticleSystems":true},"in2DMode":false,"pivot":{"x":3.8499999046325685,"y":0.800000011920929,"z":22.219999313354493},"rotation":{"x":-0.1348837912082672,"y":-0.014269999228417874,"z":0.0019427693914622069,"w":-0.9907568097114563},"size":2.8578836917877199,"orthographic":false}