{"cameraMode":{"drawMode":0,"name":"Shaded","section":"Shading Mode"},"sceneLighting":false,"audioPlay":false,"sceneViewState":{"showFog":true,"showMaterialUpdate":false,"showSkybox":false,"showFlares":true,"showImageEffects":true,"showParticleSystems":true},"in2DMode":false,"pivot":{"x":-2.0000007152557375,"y":1.5458132028579713,"z":-0.0009100809693336487},"rotation":{"x":0.2715352773666382,"y":-0.3790220618247986,"z":0.1173742488026619,"w":0.8768318891525269},"size":8.418573379516602,"orthographic":false}