{"cameraMode":{"drawMode":0,"name":"Shaded","section":"Shading Mode"},"sceneLighting":false,"audioPlay":false,"sceneViewState":{"showFog":true,"showMaterialUpdate":false,"showSkybox":false,"showFlares":true,"showImageEffects":true,"showParticleSystems":true},"in2DMode":false,"pivot":{"x":0.03029954433441162,"y":0.5945663452148438,"z":0.33896148204803469},"rotation":{"x":0.2719632387161255,"y":-0.18476900458335877,"z":0.0532931387424469,"w":0.9428977966308594},"size":7.174825668334961,"orthographic":false}