{"cameraMode":{"drawMode":0,"name":"Shaded","section":"Shading Mode"},"sceneLighting":true,"audioPlay":false,"sceneViewState":{"showFog":true,"showMaterialUpdate":false,"showSkybox":false,"showFlares":true,"showImageEffects":true,"showParticleSystems":true},"in2DMode":false,"pivot":{"x":-5.21540641784668e-8,"y":0.033294469118118289,"z":-3.725290298461914e-9},"rotation":{"x":-0.010381372645497322,"y":0.9861671924591065,"z":-0.15087299048900605,"w":-0.06785266101360321},"size":1.3659218549728394,"orthographic":false}