{"cameraMode":{"drawMode":0,"name":"Shaded","section":"Shading Mode"},"sceneLighting":false,"audioPlay":false,"sceneViewState":{"showFog":true,"showMaterialUpdate":false,"showSkybox":false,"showFlares":true,"showImageEffects":true,"showParticleSystems":true},"in2DMode":false,"pivot":{"x":0.0,"y":1.3462015390396119,"z":-0.2936100959777832},"rotation":{"x":0.2111121565103531,"y":-0.37950101494789126,"z":0.08938246220350266,"w":0.8963378071784973},"size":6.593743801116943,"orthographic":false}