{"cameraMode":{"drawMode":0,"name":"Shaded","section":"Shading Mode"},"sceneLighting":false,"audioPlay":false,"sceneViewState":{"showFog":true,"showMaterialUpdate":false,"showSkybox":false,"showFlares":true,"showImageEffects":true,"showParticleSystems":true},"in2DMode":false,"pivot":{"x":-7.999999046325684,"y":2.3913609981536867,"z":-23.0},"rotation":{"x":0.10694356262683869,"y":-0.5209925770759583,"z":0.06599486619234085,"w":0.8442597985267639},"size":10.84438419342041,"orthographic":false}