{"cameraMode":{"drawMode":0,"name":"Shaded","section":"Shading Mode"},"sceneLighting":false,"audioPlay":false,"sceneViewState":{"showFog":true,"showMaterialUpdate":false,"showSkybox":false,"showFlares":true,"showImageEffects":true,"showParticleSystems":true},"in2DMode":false,"pivot":{"x":-1.1920928955078126e-7,"y":1.079866886138916,"z":-0.9983916282653809},"rotation":{"x":-0.05870834365487099,"y":-0.6196382641792297,"z":0.046560678631067279,"w":-0.7813026309013367},"size":6.148787975311279,"orthographic":false}