{"cameraMode":{"drawMode":0,"name":"Shaded","section":"Shading Mode"},"sceneLighting":false,"audioPlay":false,"sceneViewState":{"showFog":true,"showMaterialUpdate":false,"showSkybox":false,"showFlares":true,"showImageEffects":true,"showParticleSystems":true},"in2DMode":false,"pivot":{"x":-2.338174343109131,"y":-0.2259669303894043,"z":9.4979248046875},"rotation":{"x":0.21296779811382295,"y":-0.12129195034503937,"z":0.026653306558728219,"w":0.9691349864006043},"size":13.238689422607422,"orthographic":false}