{"cameraMode":{"drawMode":0,"name":"Shaded","section":"Shading Mode"},"sceneLighting":false,"audioPlay":false,"sceneViewState":{"showFog":true,"showMaterialUpdate":false,"showSkybox":false,"showFlares":true,"showImageEffects":true,"showParticleSystems":true},"in2DMode":false,"pivot":{"x":-0.022719621658325197,"y":1.3197139501571656,"z":0.3696960210800171},"rotation":{"x":-0.0005277922027744353,"y":0.9806916117668152,"z":-0.1955423504114151,"w":-0.00264554051682353},"size":8.516292572021485,"orthographic":false}