{"cameraMode":{"drawMode":0,"name":"Shaded","section":"Shading Mode"},"sceneLighting":false,"audioPlay":false,"sceneViewState":{"showFog":true,"showMaterialUpdate":false,"showSkybox":false,"showFlares":true,"showImageEffects":true,"showParticleSystems":true},"in2DMode":false,"pivot":{"x":-9.044111251831055,"y":17.46904754638672,"z":7.926077365875244},"rotation":{"x":0.21296779811382295,"y":-0.12129195034503937,"z":0.026653306558728219,"w":0.9691349864006043},"size":100.80657196044922,"orthographic":false}