{"cameraMode":{"drawMode":0,"name":"Shaded","section":"Shading Mode"},"sceneLighting":false,"audioPlay":false,"sceneViewState":{"showFog":true,"showMaterialUpdate":false,"showSkybox":false,"showFlares":true,"showImageEffects":true,"showParticleSystems":true},"in2DMode":false,"pivot":{"x":0.0057713985443115238,"y":2.5042006969451906,"z":-0.0066841840744018559},"rotation":{"x":-0.04594514146447182,"y":0.9539469480514526,"z":-0.21683040261268617,"w":-0.20213595032691956},"size":12.755120277404786,"orthographic":false}