{"cameraMode":{"drawMode":0,"name":"Shaded","section":"Shading Mode"},"sceneLighting":true,"audioPlay":false,"sceneViewState":{"showFog":true,"showMaterialUpdate":true,"showSkybox":true,"showFlares":true,"showImageEffects":true,"showParticleSystems":true},"in2DMode":false,"pivot":{"x":2.3362796306610109,"y":2.7009334564208986,"z":6.8638200759887699},"rotation":{"x":-0.49478715658187868,"y":-0.0919627919793129,"z":0.052754562348127368,"w":-0.8625227808952332},"size":27.73543357849121,"orthographic":false}