{"cameraMode":{"drawMode":0,"name":"Shaded","section":"Shading Mode"},"sceneLighting":true,"audioPlay":false,"sceneViewState":{"showFog":true,"showMaterialUpdate":false,"showSkybox":true,"showFlares":true,"showImageEffects":true,"showParticleSystems":true},"in2DMode":false,"pivot":{"x":1118.0509033203125,"y":626.9998779296875,"z":-0.2950439453125},"rotation":{"x":-0.006314150057733059,"y":0.011096571572124958,"z":-0.00006961898907320574,"w":-0.999918520450592},"size":1257.56884765625,"orthographic":false}