{"cameraMode":{"drawMode":0,"name":"Shaded","section":"Shading Mode"},"sceneLighting":true,"audioPlay":false,"sceneViewState":{"showFog":true,"showMaterialUpdate":true,"showSkybox":true,"showFlares":true,"showImageEffects":true,"showParticleSystems":true},"in2DMode":false,"pivot":{"x":0.005784195847809315,"y":22.186250686645509,"z":-13.89305305480957},"rotation":{"x":0.4830557405948639,"y":-0.005552902352064848,"z":0.0030624375212937595,"w":0.8755667209625244},"size":0.5682209730148315,"orthographic":false}