{"cameraMode":{"drawMode":0,"name":"Shaded","section":"Shading Mode"},"sceneLighting":false,"audioPlay":false,"sceneViewState":{"showFog":true,"showMaterialUpdate":false,"showSkybox":false,"showFlares":true,"showImageEffects":true,"showParticleSystems":true},"in2DMode":false,"pivot":{"x":0.3375244140625,"y":0.0,"z":1.8000001907348633},"rotation":{"x":-0.011668743565678597,"y":0.052782513201236728,"z":0.0006162947975099087,"w":0.9985376596450806},"size":19.2082576751709,"orthographic":false}