{"cameraMode":{"drawMode":0,"name":"Shaded","section":"Shading Mode"},"sceneLighting":true,"audioPlay":false,"sceneViewState":{"showFog":true,"showMaterialUpdate":true,"showSkybox":true,"showFlares":true,"showImageEffects":true,"showParticleSystems":true},"in2DMode":false,"pivot":{"x":-2.6182641983032228,"y":0.4413795471191406,"z":-1.3893156051635743},"rotation":{"x":-0.4738069474697113,"y":0.01138991117477417,"z":-0.0061276378110051159,"w":-0.880533754825592},"size":24.795120239257814,"orthographic":false}