{"cameraMode":{"drawMode":0,"name":"Shaded","section":"Shading Mode"},"sceneLighting":false,"audioPlay":false,"sceneViewState":{"showFog":true,"showMaterialUpdate":false,"showSkybox":false,"showFlares":true,"showImageEffects":true,"showParticleSystems":true},"in2DMode":false,"pivot":{"x":1.1920928955078126e-7,"y":2.7745847702026369,"z":-5.960464477539063e-8},"rotation":{"x":-0.2708674967288971,"y":0.05828756466507912,"z":-0.016434062272310258,"w":-0.960709810256958},"size":6.06248664855957,"orthographic":false}