{"cameraMode":{"drawMode":0,"name":"Shaded","section":"Shading Mode"},"sceneLighting":true,"audioPlay":false,"sceneViewState":{"showFog":true,"showMaterialUpdate":false,"showSkybox":true,"showFlares":true,"showImageEffects":true,"showParticleSystems":true},"in2DMode":false,"pivot":{"x":0.04728233814239502,"y":1.037538766860962,"z":-4.891608715057373},"rotation":{"x":-0.02088412642478943,"y":-0.977626383304596,"z":0.11819382011890412,"w":-0.17274492979049684},"size":5.747557640075684,"orthographic":false}