{"cameraMode":{"drawMode":0,"name":"Shaded","section":"Shading Mode"},"sceneLighting":false,"audioPlay":false,"sceneViewState":{"showFog":true,"showMaterialUpdate":true,"showSkybox":false,"showFlares":true,"showImageEffects":true,"showParticleSystems":true},"in2DMode":false,"pivot":{"x":913.197998046875,"y":548.5123291015625,"z":1.1474609375},"rotation":{"x":-0.013820039108395577,"y":-0.001219757366925478,"z":0.000016818374206195585,"w":-0.9999037981033325},"size":1167.372802734375,"orthographic":false}