{"cameraMode":{"drawMode":0,"name":"Shaded","section":"Shading Mode"},"sceneLighting":true,"audioPlay":false,"sceneViewState":{"showFog":true,"showMaterialUpdate":false,"showSkybox":true,"showFlares":true,"showImageEffects":true,"showParticleSystems":true},"in2DMode":false,"pivot":{"x":817.9500122070313,"y":148.79998779296876,"z":0.0},"rotation":{"x":-0.025800490751862527,"y":-0.029388872906565667,"z":0.0007593606133013964,"w":-0.9992347359657288},"size":793.6312255859375,"orthographic":false}