{"cameraMode":{"drawMode":0,"name":"Shaded","section":"Shading Mode"},"sceneLighting":false,"audioPlay":false,"sceneViewState":{"showFog":true,"showMaterialUpdate":false,"showSkybox":false,"showFlares":true,"showImageEffects":true,"showParticleSystems":true},"in2DMode":false,"pivot":{"x":1.090000033378601,"y":0.5200001001358032,"z":5.319999694824219},"rotation":{"x":-0.09688296914100647,"y":-0.7430785298347473,"z":0.11026322841644287,"w":-0.6529088616371155},"size":3.59594464302063,"orthographic":false}