{"cameraMode":{"drawMode":0,"name":"Shaded","section":"Shading Mode"},"sceneLighting":false,"audioPlay":false,"sceneViewState":{"showFog":true,"showMaterialUpdate":false,"showSkybox":false,"showFlares":true,"showImageEffects":true,"showParticleSystems":true},"in2DMode":false,"pivot":{"x":0.02416042983531952,"y":0.9021528959274292,"z":0.16775989532470704},"rotation":{"x":-0.29116690158843996,"y":-0.046760305762290958,"z":0.014250117354094983,"w":-0.955422580242157},"size":3.2812089920043947,"orthographic":false}