{"cameraMode":{"drawMode":0,"name":"Shaded","section":"Shading Mode"},"sceneLighting":false,"audioPlay":false,"sceneViewState":{"showFog":true,"showMaterialUpdate":false,"showSkybox":false,"showFlares":true,"showImageEffects":true,"showParticleSystems":true},"in2DMode":false,"pivot":{"x":-4.203420639038086,"y":0.6574810743331909,"z":0.9317322969436646},"rotation":{"x":-0.19839981198310853,"y":-0.028813472017645837,"z":0.005835401359945536,"w":-0.9796801805496216},"size":5.021707534790039,"orthographic":false}