{"cameraMode":{"drawMode":0,"name":"Shaded","section":"Shading Mode"},"sceneLighting":false,"audioPlay":false,"sceneViewState":{"showFog":true,"showMaterialUpdate":false,"showSkybox":false,"showFlares":true,"showImageEffects":true,"showParticleSystems":true},"in2DMode":false,"pivot":{"x":-3.119999885559082,"y":-0.024000048637390138,"z":1.6394999027252198},"rotation":{"x":-0.3960350453853607,"y":-0.2798873484134674,"z":0.1281297504901886,"w":-0.8651023507118225},"size":6.062488079071045,"orthographic":false}