{"cameraMode":{"drawMode":0,"name":"Shaded","section":"Shading Mode"},"sceneLighting":true,"audioPlay":false,"sceneViewState":{"showFog":true,"showMaterialUpdate":true,"showSkybox":true,"showFlares":true,"showImageEffects":true,"showParticleSystems":true},"in2DMode":false,"pivot":{"x":1207.9344482421875,"y":908.3772583007813,"z":-15.9647216796875},"rotation":{"x":0.07375437766313553,"y":0.005113536957651377,"z":-0.000378216354874894,"w":0.9972632527351379},"size":1972.4442138671875,"orthographic":false}