{"cameraMode":{"drawMode":0,"name":"Shaded","section":"Shading Mode"},"sceneLighting":true,"audioPlay":false,"sceneViewState":{"showFog":true,"showMaterialUpdate":true,"showSkybox":true,"showFlares":true,"showImageEffects":true,"showParticleSystems":true},"in2DMode":false,"pivot":{"x":12.397261619567871,"y":2.4857616424560549,"z":14.565143585205079},"rotation":{"x":0.5967795252799988,"y":-0.22822092473506928,"z":0.18223558366298676,"w":0.7473685145378113},"size":10.58453369140625,"orthographic":false}