{"cameraMode":{"drawMode":0,"name":"Shaded","section":"Shading Mode"},"sceneLighting":false,"audioPlay":false,"sceneViewState":{"showFog":true,"showMaterialUpdate":false,"showSkybox":false,"showFlares":true,"showImageEffects":true,"showParticleSystems":true},"in2DMode":false,"pivot":{"x":0.22967888414859773,"y":5.882783889770508,"z":-0.01485896110534668},"rotation":{"x":-0.03472258150577545,"y":-0.06830812245607376,"z":0.002378676785156131,"w":-0.9970570802688599},"size":4.133455276489258,"orthographic":false}