{"cameraMode":{"drawMode":0,"name":"Shaded","section":"Shading Mode"},"sceneLighting":false,"audioPlay":false,"sceneViewState":{"showFog":true,"showMaterialUpdate":true,"showSkybox":false,"showFlares":true,"showImageEffects":true,"showParticleSystems":true},"in2DMode":false,"pivot":{"x":-37.06999969482422,"y":0.0,"z":11.963987350463868},"rotation":{"x":0.2444237470626831,"y":0.39861059188842776,"z":-0.11110256612300873,"w":0.8769394755363464},"size":43.718746185302737,"orthographic":false}