{"cameraMode":{"drawMode":0,"name":"Shaded","section":"Shading Mode"},"sceneLighting":false,"audioPlay":false,"sceneViewState":{"showFog":true,"showMaterialUpdate":false,"showSkybox":false,"showFlares":true,"showImageEffects":true,"showParticleSystems":true},"in2DMode":false,"pivot":{"x":-11.990228652954102,"y":0.000659329816699028,"z":1.9896290302276612},"rotation":{"x":-0.027424825355410577,"y":-0.9639522433280945,"z":0.24081742763519288,"w":-0.10977719724178314},"size":0.7288495302200317,"orthographic":false}