{"cameraMode":{"drawMode":0,"name":"Shaded","section":"Shading Mode"},"sceneLighting":true,"audioPlay":false,"sceneViewState":{"showFog":true,"showMaterialUpdate":false,"showSkybox":false,"showFlares":true,"showImageEffects":true,"showParticleSystems":true},"in2DMode":false,"pivot":{"x":-15.547541618347168,"y":3.481159210205078,"z":6.2686262130737309},"rotation":{"x":-0.1331305205821991,"y":0.441257506608963,"z":-0.06637817621231079,"w":-0.8849644660949707},"size":34.52936935424805,"orthographic":false}