{"cameraMode":{"drawMode":0,"name":"Shaded","section":"Shading Mode"},"sceneLighting":true,"audioPlay":false,"sceneViewState":{"showFog":true,"showMaterialUpdate":true,"showSkybox":true,"showFlares":true,"showImageEffects":true,"showParticleSystems":true},"in2DMode":false,"pivot":{"x":0.9563049674034119,"y":0.9999740719795227,"z":-5.026915550231934},"rotation":{"x":0.2795064449310303,"y":-0.32503920793533327,"z":0.10119587182998657,"w":0.8977667689323425},"size":3.045234203338623,"orthographic":false}