{"cameraMode":{"drawMode":0,"name":"Shaded","section":"Shading Mode"},"sceneLighting":true,"audioPlay":false,"sceneViewState":{"showFog":true,"showMaterialUpdate":true,"showSkybox":true,"showFlares":true,"showImageEffects":true,"showParticleSystems":true},"in2DMode":false,"pivot":{"x":0.2180454581975937,"y":2.514608383178711,"z":6.903417110443115},"rotation":{"x":-0.5746140480041504,"y":-0.006601077504456043,"z":0.004636004567146301,"w":-0.8183848261833191},"size":29.61992073059082,"orthographic":false}