{"cameraMode":{"drawMode":0,"name":"Shaded","section":"Shading Mode"},"sceneLighting":true,"audioPlay":false,"sceneViewState":{"showFog":true,"showMaterialUpdate":false,"showSkybox":false,"showFlares":true,"showImageEffects":true,"showParticleSystems":true},"in2DMode":false,"pivot":{"x":14.083572387695313,"y":3.795297622680664,"z":4.266387939453125},"rotation":{"x":-0.23400931060314179,"y":0.3776158392429352,"z":-0.09924297779798508,"w":-0.8903913497924805},"size":6.032534599304199,"orthographic":false}