{"cameraMode":{"drawMode":0,"name":"Shaded","section":"Shading Mode"},"sceneLighting":true,"audioPlay":false,"sceneViewState":{"showFog":true,"showMaterialUpdate":false,"showSkybox":false,"showFlares":true,"showImageEffects":true,"showParticleSystems":true},"in2DMode":false,"pivot":{"x":0.636805534362793,"y":1.3029675483703614,"z":4.341823577880859},"rotation":{"x":-0.21685659885406495,"y":-0.6897681355476379,"z":0.22958549857139588,"w":-0.6515241265296936},"size":9.359284400939942,"orthographic":false}