{"cameraMode":{"drawMode":0,"name":"Shaded","section":"Shading Mode"},"sceneLighting":false,"audioPlay":false,"sceneViewState":{"showFog":true,"showMaterialUpdate":true,"showSkybox":false,"showFlares":true,"showImageEffects":true,"showParticleSystems":true},"in2DMode":false,"pivot":{"x":3.7246766090393068,"y":8.8100004196167,"z":-18.182947158813478},"rotation":{"x":0.2444237470626831,"y":0.39861059188842776,"z":-0.11110256612300873,"w":0.8769394755363464},"size":16.45248031616211,"orthographic":false}