{"cameraMode":{"drawMode":0,"name":"Shaded","section":"Shading Mode"},"sceneLighting":false,"audioPlay":false,"sceneViewState":{"showFog":true,"showMaterialUpdate":false,"showSkybox":false,"showFlares":true,"showImageEffects":true,"showParticleSystems":true},"in2DMode":false,"pivot":{"x":-12.0,"y":0.0779603123664856,"z":1.016046404838562},"rotation":{"x":-0.2056606560945511,"y":0.25692400336265566,"z":-0.056055326014757159,"w":-0.9426301717758179},"size":0.4742067754268646,"orthographic":false}