{"cameraMode":{"drawMode":0,"name":"Shaded","section":"Shading Mode"},"sceneLighting":true,"audioPlay":false,"sceneViewState":{"showFog":true,"showMaterialUpdate":true,"showSkybox":true,"showFlares":true,"showImageEffects":true,"showParticleSystems":true},"in2DMode":false,"pivot":{"x":-0.8937605619430542,"y":1.7185783386230469,"z":-3.479085922241211},"rotation":{"x":0.4845276176929474,"y":-0.002074259566143155,"z":0.0011487335432320834,"w":0.8747727870941162},"size":24.19926643371582,"orthographic":false}