{"cameraMode":{"drawMode":0,"name":"Shaded","section":"Shading Mode"},"sceneLighting":false,"audioPlay":false,"sceneViewState":{"showFog":true,"showMaterialUpdate":true,"showSkybox":false,"showFlares":true,"showImageEffects":true,"showParticleSystems":true},"in2DMode":false,"pivot":{"x":20.155717849731447,"y":3.0641775131225588,"z":10.006019592285157},"rotation":{"x":0.003858451498672366,"y":0.98220294713974,"z":-0.18668261170387269,"w":0.020302675664424897},"size":37.61543273925781,"orthographic":false}