{"cameraMode":{"drawMode":0,"name":"Shaded","section":"Shading Mode"},"sceneLighting":true,"audioPlay":false,"sceneViewState":{"showFog":true,"showMaterialUpdate":false,"showSkybox":false,"showFlares":true,"showImageEffects":true,"showParticleSystems":true},"in2DMode":false,"pivot":{"x":-1.5830732583999634,"y":0.5250077247619629,"z":0.012282848358154297},"rotation":{"x":-0.32647469639778139,"y":-0.0617595911026001,"z":0.02138279564678669,"w":-0.9429437518119812},"size":10.220572471618653,"orthographic":false}