{"cameraMode":{"drawMode":0,"name":"Shaded","section":"Shading Mode"},"sceneLighting":false,"audioPlay":false,"sceneViewState":{"showFog":true,"showMaterialUpdate":false,"showSkybox":false,"showFlares":true,"showImageEffects":true,"showParticleSystems":true},"in2DMode":false,"pivot":{"x":0.07526874542236328,"y":1.5421485900878907,"z":0.9155698418617249},"rotation":{"x":-0.1718716323375702,"y":-0.7182966470718384,"z":0.19093815982341767,"w":-0.6465700268745422},"size":8.563429832458496,"orthographic":false}