{"cameraMode":{"drawMode":0,"name":"Shaded","section":"Shading Mode"},"sceneLighting":false,"audioPlay":false,"sceneViewState":{"showFog":true,"showMaterialUpdate":true,"showSkybox":false,"showFlares":true,"showImageEffects":true,"showParticleSystems":true},"in2DMode":false,"pivot":{"x":-22.388702392578126,"y":2.79433536529541,"z":12.57478141784668},"rotation":{"x":0.2000221610069275,"y":0.3378860354423523,"z":-0.07372423261404038,"w":0.9167273044586182},"size":79.13603210449219,"orthographic":false}