{"cameraMode":{"drawMode":0,"name":"Shaded","section":"Shading Mode"},"sceneLighting":false,"audioPlay":false,"sceneViewState":{"showFog":true,"showMaterialUpdate":false,"showSkybox":false,"showFlares":true,"showImageEffects":true,"showParticleSystems":true},"in2DMode":false,"pivot":{"x":0.0,"y":0.08326143771409989,"z":1.862645149230957e-8},"rotation":{"x":-0.20553000271320344,"y":0.4420531988143921,"z":-0.10481570661067963,"w":-0.8668103218078613},"size":0.3715965151786804,"orthographic":false}