{"cameraMode":{"drawMode":0,"name":"Shaded","section":"Shading Mode"},"sceneLighting":true,"audioPlay":false,"sceneViewState":{"showFog":true,"showMaterialUpdate":true,"showSkybox":true,"showFlares":true,"showImageEffects":true,"showParticleSystems":true},"in2DMode":false,"pivot":{"x":-0.9874687790870667,"y":0.1332225799560547,"z":-1.682093620300293},"rotation":{"x":-0.5092560648918152,"y":-0.0010494316229596735,"z":0.0006210000719875097,"w":-0.8606142401695252},"size":29.559934616088868,"orthographic":false}