{"cameraMode":{"drawMode":0,"name":"Shaded","section":"Shading Mode"},"sceneLighting":true,"audioPlay":false,"sceneViewState":{"showFog":true,"showMaterialUpdate":true,"showSkybox":true,"showFlares":true,"showImageEffects":true,"showParticleSystems":true},"in2DMode":false,"pivot":{"x":0.00863600242882967,"y":22.166500091552736,"z":-13.926887512207032},"rotation":{"x":0.5129783749580383,"y":-0.0015812093624845148,"z":0.0009437790140509605,"w":0.8583995699882507},"size":0.5682209730148315,"orthographic":false}