{"cameraMode":{"drawMode":0,"name":"Shaded","section":"Shading Mode"},"sceneLighting":false,"audioPlay":false,"sceneViewState":{"showFog":true,"showMaterialUpdate":false,"showSkybox":false,"showFlares":true,"showImageEffects":true,"showParticleSystems":true},"in2DMode":false,"pivot":{"x":-6.271500587463379,"y":1.644721508026123,"z":2.494499921798706},"rotation":{"x":-0.2634516954421997,"y":-0.12201689183712006,"z":0.033613577485084537,"w":-0.9563342928886414},"size":4.433806896209717,"orthographic":false}