{"cameraMode":{"drawMode":0,"name":"Shaded","section":"Shading Mode"},"sceneLighting":true,"audioPlay":false,"sceneViewState":{"showFog":true,"showMaterialUpdate":true,"showSkybox":true,"showFlares":true,"showImageEffects":true,"showParticleSystems":true},"in2DMode":false,"pivot":{"x":-0.004311488941311836,"y":19.78719711303711,"z":-13.161681175231934},"rotation":{"x":0.5052306056022644,"y":-0.002884094836190343,"z":0.0016873286804184318,"w":0.862977921962738},"size":2.368220806121826,"orthographic":false}