{"cameraMode":{"drawMode":0,"name":"Shaded","section":"Shading Mode"},"sceneLighting":true,"audioPlay":false,"sceneViewState":{"showFog":true,"showMaterialUpdate":true,"showSkybox":true,"showFlares":true,"showImageEffects":true,"showParticleSystems":true},"in2DMode":false,"pivot":{"x":486.6378173828125,"y":606.320068359375,"z":140.1590576171875},"rotation":{"x":0.05421922355890274,"y":0.05302521586418152,"z":-0.002883500186726451,"w":0.997115969657898},"size":1619.414306640625,"orthographic":false}