{"cameraMode":{"drawMode":0,"name":"Shaded","section":"Shading Mode"},"sceneLighting":true,"audioPlay":false,"sceneViewState":{"showFog":true,"showMaterialUpdate":false,"showSkybox":false,"showFlares":true,"showImageEffects":true,"showParticleSystems":true},"in2DMode":false,"pivot":{"x":-3.6794395446777345,"y":1.999454379081726,"z":14.686695098876954},"rotation":{"x":0.06492660939693451,"y":0.03172536939382553,"z":-0.0020658455323427917,"w":0.9973834753036499},"size":12.367952346801758,"orthographic":false}