{"cameraMode":{"drawMode":0,"name":"Shaded","section":"Shading Mode"},"sceneLighting":true,"audioPlay":false,"sceneViewState":{"showFog":true,"showMaterialUpdate":false,"showSkybox":false,"showFlares":true,"showImageEffects":true,"showParticleSystems":true},"in2DMode":false,"pivot":{"x":1.1263618469238282,"y":-1.1367511749267579,"z":0.8300752639770508},"rotation":{"x":0.4892275333404541,"y":-0.2829165756702423,"z":0.171518012881279,"w":0.8069672584533691},"size":34.6939582824707,"orthographic":false}