{"cameraMode":{"drawMode":0,"name":"Shaded","section":"Shading Mode"},"sceneLighting":true,"audioPlay":false,"sceneViewState":{"showFog":true,"showMaterialUpdate":true,"showSkybox":true,"showFlares":true,"showImageEffects":true,"showParticleSystems":true},"in2DMode":false,"pivot":{"x":-2.621020793914795,"y":0.27999240159988406,"z":-1.2828088998794556},"rotation":{"x":-0.4738069474697113,"y":0.01138991117477417,"z":-0.0061276378110051159,"w":-0.880533754825592},"size":24.795120239257814,"orthographic":false}