{"cameraMode":{"drawMode":0,"name":"Shaded","section":"Shading Mode"},"sceneLighting":true,"audioPlay":false,"sceneViewState":{"showFog":true,"showMaterialUpdate":false,"showSkybox":true,"showFlares":true,"showImageEffects":true,"showParticleSystems":true},"in2DMode":false,"pivot":{"x":-1.4486099481582642,"y":0.843468189239502,"z":2.3438236713409426},"rotation":{"x":-0.07820343226194382,"y":0.8806971311569214,"z":-0.1564575880765915,"w":-0.44020217657089236},"size":4.24523401260376,"orthographic":false}