{"cameraMode":{"drawMode":0,"name":"Shaded","section":"Shading Mode"},"sceneLighting":true,"audioPlay":false,"sceneViewState":{"showFog":true,"showMaterialUpdate":false,"showSkybox":false,"showFlares":true,"showImageEffects":true,"showParticleSystems":true},"in2DMode":false,"pivot":{"x":-2.937983989715576,"y":3.8500001430511476,"z":2.720000743865967},"rotation":{"x":-0.479219526052475,"y":-0.011324319988489151,"z":0.006183543708175421,"w":-0.8776002526283264},"size":74.71453094482422,"orthographic":false}