{"cameraMode":{"drawMode":0,"name":"Shaded","section":"Shading Mode"},"sceneLighting":true,"audioPlay":false,"sceneViewState":{"showFog":true,"showMaterialUpdate":false,"showSkybox":true,"showFlares":true,"showImageEffects":true,"showParticleSystems":true},"in2DMode":false,"pivot":{"x":364.5581359863281,"y":446.2394714355469,"z":0.0},"rotation":{"x":-0.04678749665617943,"y":-0.020378757268190385,"z":0.0009553044801577926,"w":-0.9986965656280518},"size":1096.1357421875,"orthographic":false}