{"cameraMode":{"drawMode":0,"name":"Shaded","section":"Shading Mode"},"sceneLighting":true,"audioPlay":false,"sceneViewState":{"showFog":true,"showMaterialUpdate":true,"showSkybox":true,"showFlares":true,"showImageEffects":true,"showParticleSystems":true},"in2DMode":false,"pivot":{"x":-0.19527561962604524,"y":19.608179092407228,"z":-13.581944465637207},"rotation":{"x":0.4975965917110443,"y":-0.0007558528450317681,"z":0.00043338225805200636,"w":0.8674081563949585},"size":1.754765510559082,"orthographic":false}