{"cameraMode":{"drawMode":0,"name":"Shaded","section":"Shading Mode"},"sceneLighting":false,"audioPlay":false,"sceneViewState":{"showFog":true,"showMaterialUpdate":false,"showSkybox":false,"showFlares":true,"showImageEffects":true,"showParticleSystems":true},"in2DMode":false,"pivot":{"x":5.960464477539063e-8,"y":0.4161189794540405,"z":0.0},"rotation":{"x":-0.25979089736938479,"y":0.006370645482093096,"z":-0.0017141039716079832,"w":-0.9656423926353455},"size":3.264082908630371,"orthographic":false}