{"cameraMode":{"drawMode":0,"name":"Shaded","section":"Shading Mode"},"sceneLighting":false,"audioPlay":false,"sceneViewState":{"showFog":true,"showMaterialUpdate":false,"showSkybox":false,"showFlares":true,"showImageEffects":true,"showParticleSystems":true},"in2DMode":false,"pivot":{"x":603.7452392578125,"y":342.877197265625,"z":0.0},"rotation":{"x":-0.02430751733481884,"y":0.00809464417397976,"z":-0.00019703524594660848,"w":-0.9996717572212219},"size":172.0543212890625,"orthographic":false}