{"cameraMode":{"drawMode":0,"name":"Shaded","section":"Shading Mode"},"sceneLighting":false,"audioPlay":false,"sceneViewState":{"showFog":true,"showMaterialUpdate":false,"showSkybox":false,"showFlares":true,"showImageEffects":true,"showParticleSystems":true},"in2DMode":false,"pivot":{"x":-2.566354751586914,"y":-0.5049999952316284,"z":2.143435478210449},"rotation":{"x":-0.29116690158843996,"y":-0.046760305762290958,"z":0.014250117354094983,"w":-0.955422580242157},"size":23.393959045410158,"orthographic":false}