{"cameraMode":{"drawMode":0,"name":"Shaded","section":"Shading Mode"},"sceneLighting":false,"audioPlay":false,"sceneViewState":{"showFog":true,"showMaterialUpdate":false,"showSkybox":false,"showFlares":true,"showImageEffects":true,"showParticleSystems":true},"in2DMode":false,"pivot":{"x":-2.000000476837158,"y":1.54423987865448,"z":-3.996734142303467},"rotation":{"x":-0.36421963572502139,"y":0.014888233505189419,"z":-0.005822621751576662,"w":-0.9311758875846863},"size":8.431008338928223,"orthographic":false}