{"cameraMode":{"drawMode":0,"name":"Shaded","section":"Shading Mode"},"sceneLighting":false,"audioPlay":false,"sceneViewState":{"showFog":true,"showMaterialUpdate":false,"showSkybox":false,"showFlares":true,"showImageEffects":true,"showParticleSystems":true},"in2DMode":false,"pivot":{"x":1.2084426879882813,"y":-0.3275477886199951,"z":-7.935364246368408},"rotation":{"x":-0.1330333650112152,"y":0.47008687257766726,"z":-0.07191794365644455,"w":-0.8695679306983948},"size":12.660858154296875,"orthographic":false}