{"cameraMode":{"drawMode":0,"name":"Shaded","section":"Shading Mode"},"sceneLighting":false,"audioPlay":false,"sceneViewState":{"showFog":true,"showMaterialUpdate":false,"showSkybox":false,"showFlares":true,"showImageEffects":true,"showParticleSystems":true},"in2DMode":false,"pivot":{"x":0.2461109161376953,"y":0.3178386688232422,"z":-0.30365753173828127},"rotation":{"x":-0.25304070115089419,"y":0.3476848900318146,"z":-0.09802795946598053,"w":-0.8974832892417908},"size":5.939317226409912,"orthographic":false}