{"cameraMode":{"drawMode":0,"name":"Shaded","section":"Shading Mode"},"sceneLighting":false,"audioPlay":false,"sceneViewState":{"showFog":true,"showMaterialUpdate":true,"showSkybox":false,"showFlares":true,"showImageEffects":true,"showParticleSystems":true},"in2DMode":false,"pivot":{"x":0.0,"y":3.557000160217285,"z":0.8684999942779541},"rotation":{"x":0.07230338454246521,"y":0.8211396336555481,"z":-0.10679003596305847,"w":0.5559657216072083},"size":5.841071605682373,"orthographic":false}