{"cameraMode":{"drawMode":0,"name":"Shaded","section":"Shading Mode"},"sceneLighting":false,"audioPlay":false,"sceneViewState":{"showFog":true,"showMaterialUpdate":false,"showSkybox":false,"showFlares":true,"showImageEffects":true,"showParticleSystems":true},"in2DMode":false,"pivot":{"x":2.000000238418579,"y":0.6994402408599854,"z":3.999999761581421},"rotation":{"x":-0.15584661066532136,"y":-0.7209765911102295,"z":0.17209427058696748,"w":-0.6529074907302856},"size":3.229583501815796,"orthographic":false}