{"cameraMode":{"drawMode":0,"name":"Shaded","section":"Shading Mode"},"sceneLighting":false,"audioPlay":false,"sceneViewState":{"showFog":true,"showMaterialUpdate":false,"showSkybox":false,"showFlares":true,"showImageEffects":true,"showParticleSystems":true},"in2DMode":false,"pivot":{"x":0.00014507770538330078,"y":-0.004831373691558838,"z":-0.0029256343841552736},"rotation":{"x":-0.1714877039194107,"y":0.532437264919281,"z":-0.1111556738615036,"w":-0.8214298486709595},"size":3.580148696899414,"orthographic":false}