{"cameraMode":{"drawMode":0,"name":"Shaded","section":"Shading Mode"},"sceneLighting":false,"audioPlay":false,"sceneViewState":{"showFog":true,"showMaterialUpdate":true,"showSkybox":false,"showFlares":true,"showImageEffects":true,"showParticleSystems":true},"in2DMode":false,"pivot":{"x":6.678287506103516,"y":0.8182978630065918,"z":-2.2256076335906984},"rotation":{"x":0.2444237470626831,"y":0.39861059188842776,"z":-0.11110256612300873,"w":0.8769394755363464},"size":4.914924144744873,"orthographic":false}