{"cameraMode":{"drawMode":0,"name":"Shaded","section":"Shading Mode"},"sceneLighting":true,"audioPlay":false,"sceneViewState":{"showFog":true,"showMaterialUpdate":false,"showSkybox":false,"showFlares":true,"showImageEffects":true,"showParticleSystems":true},"in2DMode":false,"pivot":{"x":-8.698541641235352,"y":1.5952553749084473,"z":0.11542320251464844},"rotation":{"x":-0.22331945598125459,"y":0.4883388876914978,"z":-0.1308557391166687,"w":-0.8333848714828491},"size":22.392446517944337,"orthographic":false}