{"cameraMode":{"drawMode":0,"name":"Shaded","section":"Shading Mode"},"sceneLighting":true,"audioPlay":false,"sceneViewState":{"showFog":true,"showMaterialUpdate":true,"showSkybox":true,"showFlares":true,"showImageEffects":true,"showParticleSystems":true},"in2DMode":false,"pivot":{"x":0.1369560807943344,"y":-5.043437480926514,"z":0.8193961381912231},"rotation":{"x":-0.5118367671966553,"y":0.0002406344428891316,"z":-0.00014340739289764315,"w":-0.8590826988220215},"size":34.16532897949219,"orthographic":false}