{"cameraMode":{"drawMode":0,"name":"Shaded","section":"Shading Mode"},"sceneLighting":true,"audioPlay":false,"sceneViewState":{"showFog":true,"showMaterialUpdate":false,"showSkybox":false,"showFlares":true,"showImageEffects":true,"showParticleSystems":true},"in2DMode":false,"pivot":{"x":-6.673320770263672,"y":-0.3866138458251953,"z":9.539953231811524},"rotation":{"x":-0.3033190667629242,"y":0.3574363589286804,"z":-0.12396686524152756,"w":-0.874567985534668},"size":27.393138885498048,"orthographic":false}