{"cameraMode":{"drawMode":0,"name":"Shaded","section":"Shading Mode"},"sceneLighting":false,"audioPlay":false,"sceneViewState":{"showFog":true,"showMaterialUpdate":true,"showSkybox":false,"showFlares":true,"showImageEffects":true,"showParticleSystems":true},"in2DMode":false,"pivot":{"x":-27.27556800842285,"y":1.1911098957061768,"z":12.75273609161377},"rotation":{"x":0.2444237470626831,"y":0.39861059188842776,"z":-0.11110256612300873,"w":0.8769394755363464},"size":2.0007476806640627,"orthographic":false}