{"cameraMode":{"drawMode":0,"name":"Shaded","section":"Shading Mode"},"sceneLighting":true,"audioPlay":false,"sceneViewState":{"showFog":true,"showMaterialUpdate":false,"showSkybox":false,"showFlares":true,"showImageEffects":true,"showParticleSystems":true},"in2DMode":false,"pivot":{"x":-12.0,"y":0.32096031308174136,"z":1.016046404838562},"rotation":{"x":0.2783730924129486,"y":-0.4684072732925415,"z":0.15835270285606385,"w":0.8234242796897888},"size":10.067118644714356,"orthographic":false}