{"cameraMode":{"drawMode":0,"name":"Shaded","section":"Shading Mode"},"sceneLighting":false,"audioPlay":false,"sceneViewState":{"showFog":true,"showMaterialUpdate":false,"showSkybox":false,"showFlares":true,"showImageEffects":true,"showParticleSystems":true},"in2DMode":false,"pivot":{"x":0.3063890039920807,"y":-0.022321000695228578,"z":-0.3138220012187958},"rotation":{"x":0.2101561576128006,"y":0.026696855202317239,"z":-0.005741421598941088,"w":0.9772864580154419},"size":22.0,"orthographic":false}