{"cameraMode":{"drawMode":0,"name":"Shaded","section":"Shading Mode"},"sceneLighting":false,"audioPlay":false,"sceneViewState":{"showFog":true,"showMaterialUpdate":false,"showSkybox":false,"showFlares":true,"showImageEffects":true,"showParticleSystems":true},"in2DMode":false,"pivot":{"x":0.0,"y":3.554999828338623,"z":0.42000001668930056},"rotation":{"x":-0.14371399581432343,"y":-0.2431388944387436,"z":0.03645194321870804,"w":-0.9585933089256287},"size":7.826640605926514,"orthographic":false}