{"cameraMode":{"drawMode":0,"name":"Shaded","section":"Shading Mode"},"sceneLighting":false,"audioPlay":false,"sceneViewState":{"showFog":true,"showMaterialUpdate":true,"showSkybox":false,"showFlares":true,"showImageEffects":true,"showParticleSystems":true},"in2DMode":false,"pivot":{"x":876.130615234375,"y":654.3674926757813,"z":45.24620056152344},"rotation":{"x":-0.3553389012813568,"y":0.014282111078500748,"z":-0.0054300883784890179,"w":-0.9346126914024353},"size":233.34524536132813,"orthographic":false}