{"cameraMode":{"drawMode":0,"name":"Shaded","section":"Shading Mode"},"sceneLighting":false,"audioPlay":false,"sceneViewState":{"showFog":true,"showMaterialUpdate":false,"showSkybox":false,"showFlares":true,"showImageEffects":true,"showParticleSystems":true},"in2DMode":false,"pivot":{"x":-1.7236247062683106,"y":2.398922920227051,"z":-1.4229040145874024},"rotation":{"x":-0.17748728394508363,"y":0.36417117714881899,"z":-0.0709107518196106,"w":-0.9115093946456909},"size":13.38703441619873,"orthographic":false}