{"cameraMode":{"drawMode":0,"name":"Shaded","section":"Shading Mode"},"sceneLighting":true,"audioPlay":false,"sceneViewState":{"showFog":true,"showMaterialUpdate":false,"showSkybox":false,"showFlares":true,"showImageEffects":true,"showParticleSystems":true},"in2DMode":false,"pivot":{"x":15.185730934143067,"y":1.6671483516693116,"z":7.762808799743652},"rotation":{"x":0.2356453239917755,"y":0.3863615095615387,"z":-0.10278332978487015,"w":0.8857944011688232},"size":8.563435554504395,"orthographic":false}