{"cameraMode":{"drawMode":0,"name":"Shaded","section":"Shading Mode"},"sceneLighting":false,"audioPlay":false,"sceneViewState":{"showFog":true,"showMaterialUpdate":false,"showSkybox":false,"showFlares":true,"showImageEffects":true,"showParticleSystems":true},"in2DMode":false,"pivot":{"x":-22.000516891479493,"y":4.891963005065918,"z":4.999999523162842},"rotation":{"x":-0.027424825355410577,"y":-0.9639522433280945,"z":0.24081742763519288,"w":-0.10977719724178314},"size":9.277846336364746,"orthographic":false}