{"cameraMode":{"drawMode":0,"name":"Shaded","section":"Shading Mode"},"sceneLighting":false,"audioPlay":false,"sceneViewState":{"showFog":true,"showMaterialUpdate":false,"showSkybox":false,"showFlares":true,"showImageEffects":true,"showParticleSystems":true},"in2DMode":false,"pivot":{"x":-10.638322830200196,"y":1.693760871887207,"z":-2.3959312438964845},"rotation":{"x":-0.04494588077068329,"y":-0.9531993269920349,"z":0.2396504431962967,"w":-0.1787697970867157},"size":14.449539184570313,"orthographic":false}