{"cameraMode":{"drawMode":0,"name":"Shaded","section":"Shading Mode"},"sceneLighting":false,"audioPlay":false,"sceneViewState":{"showFog":true,"showMaterialUpdate":true,"showSkybox":false,"showFlares":true,"showImageEffects":true,"showParticleSystems":true},"in2DMode":false,"pivot":{"x":-0.6447066068649292,"y":0.7943499088287354,"z":0.9280827045440674},"rotation":{"x":0.37353575229644778,"y":-0.07997151464223862,"z":0.03234308958053589,"w":0.9235960245132446},"size":5.222877502441406,"orthographic":false}