{"cameraMode":{"drawMode":0,"name":"Shaded","section":"Shading Mode"},"sceneLighting":true,"audioPlay":false,"sceneViewState":{"showFog":true,"showMaterialUpdate":true,"showSkybox":true,"showFlares":true,"showImageEffects":true,"showParticleSystems":true},"in2DMode":false,"pivot":{"x":1.3563718795776368,"y":5.863178253173828,"z":4.559932708740234},"rotation":{"x":0.39538004994392397,"y":0.025858445093035699,"z":-0.011137193068861962,"w":0.9180859923362732},"size":29.789987564086915,"orthographic":false}