{"cameraMode":{"drawMode":0,"name":"Shaded","section":"Shading Mode"},"sceneLighting":true,"audioPlay":false,"sceneViewState":{"showFog":true,"showMaterialUpdate":true,"showSkybox":true,"showFlares":true,"showImageEffects":true,"showParticleSystems":true},"in2DMode":false,"pivot":{"x":-1.256959319114685,"y":2.1483283042907717,"z":-4.478242874145508},"rotation":{"x":0.2661983072757721,"y":-0.2832436263561249,"z":0.08216129243373871,"w":0.9176933169364929},"size":22.571916580200197,"orthographic":false}