{"cameraMode":{"drawMode":0,"name":"Shaded","section":"Shading Mode"},"sceneLighting":false,"audioPlay":false,"sceneViewState":{"showFog":true,"showMaterialUpdate":false,"showSkybox":false,"showFlares":true,"showImageEffects":true,"showParticleSystems":true},"in2DMode":false,"pivot":{"x":0.000553131103515625,"y":6.041335105895996,"z":-0.26304149627685549},"rotation":{"x":-0.011655746959149838,"y":0.07074663043022156,"z":0.0008262211340479553,"w":0.99742591381073},"size":9.129195213317871,"orthographic":false}