{"cameraMode":{"drawMode":0,"name":"Shaded","section":"Shading Mode"},"sceneLighting":false,"audioPlay":false,"sceneViewState":{"showFog":true,"showMaterialUpdate":false,"showSkybox":false,"showFlares":true,"showImageEffects":true,"showParticleSystems":true},"in2DMode":false,"pivot":{"x":-0.5885581374168396,"y":1.1175504922866822,"z":1.0488784313201905},"rotation":{"x":-0.027424825355410577,"y":-0.9639522433280945,"z":0.24081742763519288,"w":-0.10977719724178314},"size":4.102878093719482,"orthographic":false}