{"cameraMode":{"drawMode":0,"name":"Shaded","section":"Shading Mode"},"sceneLighting":true,"audioPlay":false,"sceneViewState":{"showFog":true,"showMaterialUpdate":false,"showSkybox":false,"showFlares":true,"showImageEffects":true,"showParticleSystems":true},"in2DMode":false,"pivot":{"x":-2.937983989715576,"y":3.9499998092651369,"z":2.720000743865967},"rotation":{"x":0.32347962260246279,"y":-0.16880063712596894,"z":0.05876341834664345,"w":0.9292008280754089},"size":51.171749114990237,"orthographic":false}