{"cameraMode":{"drawMode":0,"name":"Shaded","section":"Shading Mode"},"sceneLighting":false,"audioPlay":false,"sceneViewState":{"showFog":true,"showMaterialUpdate":false,"showSkybox":false,"showFlares":true,"showImageEffects":true,"showParticleSystems":true},"in2DMode":false,"pivot":{"x":0.0,"y":3.2849996089935304,"z":1.1920928955078126e-7},"rotation":{"x":-0.006314150057733059,"y":0.011096571572124958,"z":-0.00006961898907320574,"w":-0.999918520450592},"size":15.102217674255371,"orthographic":false}