{"cameraMode":{"drawMode":0,"name":"Shaded","section":"Shading Mode"},"sceneLighting":true,"audioPlay":false,"sceneViewState":{"showFog":true,"showMaterialUpdate":false,"showSkybox":true,"showFlares":true,"showImageEffects":true,"showParticleSystems":true},"in2DMode":false,"pivot":{"x":-1.6336523294448853,"y":-0.10408878326416016,"z":5.652113914489746},"rotation":{"x":-0.2361401617527008,"y":0.579942524433136,"z":-0.18055255711078645,"w":-0.7584888339042664},"size":4.24523401260376,"orthographic":false}