{"cameraMode":{"drawMode":0,"name":"Shaded","section":"Shading Mode"},"sceneLighting":false,"audioPlay":false,"sceneViewState":{"showFog":true,"showMaterialUpdate":false,"showSkybox":false,"showFlares":true,"showImageEffects":true,"showParticleSystems":true},"in2DMode":false,"pivot":{"x":0.8803049921989441,"y":0.9969740509986877,"z":-9.322916030883789},"rotation":{"x":-0.11613643169403076,"y":0.5473042130470276,"z":-0.07702165842056275,"w":-0.8252503871917725},"size":1.8452343940734864,"orthographic":false}