{"cameraMode":{"drawMode":0,"name":"Shaded","section":"Shading Mode"},"sceneLighting":false,"audioPlay":false,"sceneViewState":{"showFog":true,"showMaterialUpdate":false,"showSkybox":false,"showFlares":true,"showImageEffects":true,"showParticleSystems":true},"in2DMode":false,"pivot":{"x":10.92199993133545,"y":1.1039447784423829,"z":7.992800235748291},"rotation":{"x":-0.1919640451669693,"y":-0.6422549486160278,"z":0.170724019408226,"w":-0.7221577167510986},"size":6.635339260101318,"orthographic":false}