{"cameraMode":{"drawMode":0,"name":"Shaded","section":"Shading Mode"},"sceneLighting":false,"audioPlay":false,"sceneViewState":{"showFog":true,"showMaterialUpdate":false,"showSkybox":false,"showFlares":true,"showImageEffects":true,"showParticleSystems":true},"in2DMode":false,"pivot":{"x":0.0,"y":3.2849996089935304,"z":1.1920928955078126e-7},"rotation":{"x":-0.025800490751862527,"y":-0.029388872906565667,"z":0.0007593606133013964,"w":-0.9992347359657288},"size":15.102217674255371,"orthographic":false}