{"cameraMode":{"drawMode":0,"name":"Shaded","section":"Shading Mode"},"sceneLighting":false,"audioPlay":false,"sceneViewState":{"showFog":true,"showMaterialUpdate":false,"showSkybox":false,"showFlares":true,"showImageEffects":true,"showParticleSystems":true},"in2DMode":false,"pivot":{"x":0.0,"y":1.250000238418579,"z":-1.1920928955078126e-7},"rotation":{"x":0.21122676134109498,"y":0.31752192974090578,"z":-0.07277870178222656,"w":0.9215564727783203},"size":7.857467174530029,"orthographic":false}