{"cameraMode":{"drawMode":0,"name":"Shaded","section":"Shading Mode"},"sceneLighting":false,"audioPlay":false,"sceneViewState":{"showFog":true,"showMaterialUpdate":false,"showSkybox":false,"showFlares":true,"showImageEffects":true,"showParticleSystems":true},"in2DMode":false,"pivot":{"x":0.07369756698608399,"y":2.720459461212158,"z":0.024992942810058595},"rotation":{"x":0.2101561576128006,"y":0.026696855202317239,"z":-0.005741421598941088,"w":0.9772864580154419},"size":23.831022262573243,"orthographic":false}