{"cameraMode":{"drawMode":0,"name":"Shaded","section":"Shading Mode"},"sceneLighting":false,"audioPlay":false,"sceneViewState":{"showFog":true,"showMaterialUpdate":false,"showSkybox":false,"showFlares":true,"showImageEffects":true,"showParticleSystems":true},"in2DMode":false,"pivot":{"x":-2.000000476837158,"y":1.54423987865448,"z":-3.996734142303467},"rotation":{"x":-0.027424825355410577,"y":-0.9639522433280945,"z":0.24081742763519288,"w":-0.10977719724178314},"size":8.431008338928223,"orthographic":false}