{"cameraMode":{"drawMode":0,"name":"Shaded","section":"Shading Mode"},"sceneLighting":true,"audioPlay":false,"sceneViewState":{"showFog":true,"showMaterialUpdate":true,"showSkybox":true,"showFlares":true,"showImageEffects":true,"showParticleSystems":true},"in2DMode":false,"pivot":{"x":0.0430624783039093,"y":20.323972702026368,"z":-12.006589889526368},"rotation":{"x":0.5195527076721191,"y":-0.0007445412338711321,"z":0.00045252361451275647,"w":0.8544379472732544},"size":3.6317787170410158,"orthographic":false}