{"cameraMode":{"drawMode":0,"name":"Shaded","section":"Shading Mode"},"sceneLighting":false,"audioPlay":false,"sceneViewState":{"showFog":true,"showMaterialUpdate":false,"showSkybox":false,"showFlares":true,"showImageEffects":true,"showParticleSystems":true},"in2DMode":false,"pivot":{"x":1.0,"y":0.49992895126342776,"z":8.923025131225586},"rotation":{"x":-0.15584661066532136,"y":-0.7209765911102295,"z":0.17209427058696748,"w":-0.6529074907302856},"size":4.794770240783691,"orthographic":false}