{"cameraMode":{"drawMode":0,"name":"Shaded","section":"Shading Mode"},"sceneLighting":false,"audioPlay":false,"sceneViewState":{"showFog":true,"showMaterialUpdate":false,"showSkybox":false,"showFlares":true,"showImageEffects":true,"showParticleSystems":true},"in2DMode":false,"pivot":{"x":-4.0689802169799809,"y":4.668232440948486,"z":-2.2040183544158937},"rotation":{"x":-0.04316187649965286,"y":0.6055629253387451,"z":-0.03292101249098778,"w":-0.7939438819885254},"size":3.913318634033203,"orthographic":false}