{"cameraMode":{"drawMode":0,"name":"Shaded","section":"Shading Mode"},"sceneLighting":false,"audioPlay":false,"sceneViewState":{"showFog":true,"showMaterialUpdate":false,"showSkybox":false,"showFlares":true,"showImageEffects":true,"showParticleSystems":true},"in2DMode":false,"pivot":{"x":1.0104963779449463,"y":1.4819178581237794,"z":0.8723239898681641},"rotation":{"x":-0.2708674967288971,"y":0.05828756466507912,"z":-0.016434062272310258,"w":-0.960709810256958},"size":5.0844902992248539,"orthographic":false}