{"cameraMode":{"drawMode":0,"name":"Shaded","section":"Shading Mode"},"sceneLighting":false,"audioPlay":false,"sceneViewState":{"showFog":true,"showMaterialUpdate":false,"showSkybox":false,"showFlares":true,"showImageEffects":true,"showParticleSystems":true},"in2DMode":false,"pivot":{"x":13.845198631286621,"y":1.8675999641418458,"z":6.0},"rotation":{"x":-0.15584661066532136,"y":-0.7209765911102295,"z":0.17209427058696748,"w":-0.6529074907302856},"size":2.9867630004882814,"orthographic":false}