{"cameraMode":{"drawMode":0,"name":"Shaded","section":"Shading Mode"},"sceneLighting":false,"audioPlay":false,"sceneViewState":{"showFog":true,"showMaterialUpdate":false,"showSkybox":false,"showFlares":true,"showImageEffects":true,"showParticleSystems":true},"in2DMode":false,"pivot":{"x":4.76837158203125e-7,"y":2.0680174827575685,"z":-1.8851165771484376},"rotation":{"x":-0.027424825355410577,"y":-0.9639522433280945,"z":0.24081742763519288,"w":-0.10977719724178314},"size":9.829718589782715,"orthographic":false}