{"cameraMode":{"drawMode":0,"name":"Shaded","section":"Shading Mode"},"sceneLighting":false,"audioPlay":false,"sceneViewState":{"showFog":true,"showMaterialUpdate":false,"showSkybox":false,"showFlares":true,"showImageEffects":true,"showParticleSystems":true},"in2DMode":false,"pivot":{"x":-1.3577330112457276,"y":3.7444376945495607,"z":16.34894371032715},"rotation":{"x":-0.21026155352592469,"y":-0.06643667817115784,"z":0.014322939328849316,"w":-0.9752800464630127},"size":15.127795219421387,"orthographic":false}