{"cameraMode":{"drawMode":0,"name":"Shaded","section":"Shading Mode"},"sceneLighting":false,"audioPlay":false,"sceneViewState":{"showFog":true,"showMaterialUpdate":false,"showSkybox":false,"showFlares":true,"showImageEffects":true,"showParticleSystems":true},"in2DMode":false,"pivot":{"x":0.0,"y":1.3462015390396119,"z":-0.2936100959777832},"rotation":{"x":-0.21206751465797425,"y":-0.09890269488096237,"z":0.021578069776296617,"w":-0.9719979763031006},"size":6.593743801116943,"orthographic":false}