{"cameraMode":{"drawMode":0,"name":"Shaded","section":"Shading Mode"},"sceneLighting":false,"audioPlay":false,"sceneViewState":{"showFog":true,"showMaterialUpdate":true,"showSkybox":false,"showFlares":true,"showImageEffects":true,"showParticleSystems":true},"in2DMode":false,"pivot":{"x":-30.72865867614746,"y":4.921689510345459,"z":8.722436904907227},"rotation":{"x":0.2000221610069275,"y":0.3378860354423523,"z":-0.07372423261404038,"w":0.9167273044586182},"size":7.4428181648254398,"orthographic":false}