{"cameraMode":{"drawMode":0,"name":"Shaded","section":"Shading Mode"},"sceneLighting":false,"audioPlay":false,"sceneViewState":{"showFog":true,"showMaterialUpdate":true,"showSkybox":false,"showFlares":true,"showImageEffects":true,"showParticleSystems":true},"in2DMode":false,"pivot":{"x":-2.469817876815796,"y":0.2689528465270996,"z":9.40926742553711},"rotation":{"x":0.2673083245754242,"y":0.3140958249568939,"z":-0.09264515340328217,"w":0.9062598943710327},"size":12.710381507873536,"orthographic":false}