{"cameraMode":{"drawMode":0,"name":"Shaded","section":"Shading Mode"},"sceneLighting":true,"audioPlay":false,"sceneViewState":{"showFog":true,"showMaterialUpdate":true,"showSkybox":true,"showFlares":true,"showImageEffects":true,"showParticleSystems":true},"in2DMode":false,"pivot":{"x":-2.937624454498291,"y":3.8515052795410158,"z":2.395066738128662},"rotation":{"x":-0.7108156085014343,"y":-0.0003979948814958334,"z":0.0004031323187518865,"w":-0.7033782005310059},"size":27.07689094543457,"orthographic":false}