{"cameraMode":{"drawMode":0,"name":"Shaded","section":"Shading Mode"},"sceneLighting":true,"audioPlay":false,"sceneViewState":{"showFog":true,"showMaterialUpdate":false,"showSkybox":false,"showFlares":true,"showImageEffects":true,"showParticleSystems":true},"in2DMode":false,"pivot":{"x":5.3339996337890629,"y":2.3549997806549074,"z":-2.874000310897827},"rotation":{"x":-0.6629939675331116,"y":0.0004468677507247776,"z":-0.0003959674504585564,"w":-0.7486245036125183},"size":40.010372161865237,"orthographic":false}