{"cameraMode":{"drawMode":0,"name":"Shaded","section":"Shading Mode"},"sceneLighting":false,"audioPlay":false,"sceneViewState":{"showFog":true,"showMaterialUpdate":false,"showSkybox":false,"showFlares":true,"showImageEffects":true,"showParticleSystems":true},"in2DMode":false,"pivot":{"x":-0.019798994064331056,"y":0.415260910987854,"z":0.002392888069152832},"rotation":{"x":-0.15584661066532136,"y":-0.7209765911102295,"z":0.17209427058696748,"w":-0.6529074907302856},"size":7.482218265533447,"orthographic":false}