{"cameraMode":{"drawMode":0,"name":"Shaded","section":"Shading Mode"},"sceneLighting":true,"audioPlay":false,"sceneViewState":{"showFog":true,"showMaterialUpdate":false,"showSkybox":true,"showFlares":true,"showImageEffects":true,"showParticleSystems":true},"in2DMode":false,"pivot":{"x":0.4162791967391968,"y":0.7473306655883789,"z":5.210483551025391},"rotation":{"x":-0.20427025854587556,"y":0.16674268245697022,"z":-0.035333406180143359,"w":-0.9639617204666138},"size":13.587909698486329,"orthographic":false}