{"cameraMode":{"drawMode":0,"name":"Shaded","section":"Shading Mode"},"sceneLighting":true,"audioPlay":false,"sceneViewState":{"showFog":true,"showMaterialUpdate":false,"showSkybox":false,"showFlares":true,"showImageEffects":true,"showParticleSystems":true},"in2DMode":false,"pivot":{"x":-8.320724487304688,"y":1.5727553367614747,"z":0.08626842498779297},"rotation":{"x":-0.25285905599594118,"y":0.10908368974924088,"z":-0.028702998533844949,"w":-0.9609054327011108},"size":31.77027130126953,"orthographic":false}