{"cameraMode":{"drawMode":0,"name":"Shaded","section":"Shading Mode"},"sceneLighting":true,"audioPlay":false,"sceneViewState":{"showFog":true,"showMaterialUpdate":false,"showSkybox":false,"showFlares":true,"showImageEffects":true,"showParticleSystems":true},"in2DMode":false,"pivot":{"x":-6.715816020965576,"y":2.0105419158935549,"z":-1.7669463157653809},"rotation":{"x":-0.21585647761821748,"y":0.463477224111557,"z":-0.11751122772693634,"w":-0.8513436317443848},"size":9.99045181274414,"orthographic":false}