{"cameraMode":{"drawMode":0,"name":"Shaded","section":"Shading Mode"},"sceneLighting":false,"audioPlay":false,"sceneViewState":{"showFog":true,"showMaterialUpdate":false,"showSkybox":false,"showFlares":true,"showImageEffects":true,"showParticleSystems":true},"in2DMode":false,"pivot":{"x":789.7452392578125,"y":447.377197265625,"z":0.0},"rotation":{"x":0.03630085289478302,"y":-0.010812751017510891,"z":0.00039310246938839555,"w":0.9992823600769043},"size":172.0543212890625,"orthographic":false}