{"cameraMode":{"drawMode":0,"name":"Shaded","section":"Shading Mode"},"sceneLighting":false,"audioPlay":false,"sceneViewState":{"showFog":true,"showMaterialUpdate":false,"showSkybox":false,"showFlares":true,"showImageEffects":true,"showParticleSystems":true},"in2DMode":false,"pivot":{"x":-0.859461784362793,"y":0.7212181091308594,"z":-0.29748809337615969},"rotation":{"x":0.13097155094146729,"y":-0.8243705630302429,"z":0.21252642571926118,"w":0.5080277919769287},"size":5.74782657623291,"orthographic":false}