{"cameraMode":{"drawMode":0,"name":"Shaded","section":"Shading Mode"},"sceneLighting":false,"audioPlay":false,"sceneViewState":{"showFog":true,"showMaterialUpdate":false,"showSkybox":false,"showFlares":true,"showImageEffects":true,"showParticleSystems":true},"in2DMode":false,"pivot":{"x":0.0,"y":1.3462015390396119,"z":0.2936100959777832},"rotation":{"x":-0.1319245994091034,"y":0.0005929405451752245,"z":-0.00007882600766606629,"w":-0.9912596344947815},"size":6.593743801116943,"orthographic":false}