{"cameraMode":{"drawMode":0,"name":"Shaded","section":"Shading Mode"},"sceneLighting":false,"audioPlay":false,"sceneViewState":{"showFog":true,"showMaterialUpdate":false,"showSkybox":false,"showFlares":true,"showImageEffects":true,"showParticleSystems":true},"in2DMode":false,"pivot":{"x":-2.566354751586914,"y":-0.5049999952316284,"z":2.143435478210449},"rotation":{"x":0.2715352773666382,"y":-0.3790220618247986,"z":0.1173742488026619,"w":0.8768318891525269},"size":23.393959045410158,"orthographic":false}