{"cameraMode":{"drawMode":0,"name":"Shaded","section":"Shading Mode"},"sceneLighting":false,"audioPlay":false,"sceneViewState":{"showFog":true,"showMaterialUpdate":false,"showSkybox":false,"showFlares":true,"showImageEffects":true,"showParticleSystems":true},"in2DMode":false,"pivot":{"x":0.4063107967376709,"y":1.1324081420898438,"z":0.6978769302368164},"rotation":{"x":0.23554186522960664,"y":-0.13938598334789277,"z":0.03415565565228462,"w":0.9612101912498474},"size":6.935559272766113,"orthographic":false}