{"cameraMode":{"drawMode":0,"name":"Shaded","section":"Shading Mode"},"sceneLighting":false,"audioPlay":false,"sceneViewState":{"showFog":true,"showMaterialUpdate":false,"showSkybox":false,"showFlares":true,"showImageEffects":true,"showParticleSystems":true},"in2DMode":false,"pivot":{"x":10.329999923706055,"y":2.0058064460754396,"z":10.103446006774903},"rotation":{"x":0.22534459829330445,"y":-0.29548218846321108,"z":0.0719369500875473,"w":0.9255999326705933},"size":44.767913818359378,"orthographic":false}