{"cameraMode":{"drawMode":0,"name":"Shaded","section":"Shading Mode"},"sceneLighting":false,"audioPlay":false,"sceneViewState":{"showFog":true,"showMaterialUpdate":false,"showSkybox":false,"showFlares":true,"showImageEffects":true,"showParticleSystems":true},"in2DMode":false,"pivot":{"x":2868.9072265625,"y":358.4543151855469,"z":48.557861328125},"rotation":{"x":-0.07224704325199127,"y":0.0020921300165355207,"z":-0.00015153683489188552,"w":-0.9973846077919006},"size":1110.5350341796875,"orthographic":false}